[
  { 
   "description": "Blue"
  },
  { 
   "description": "White"
  },
  {
   "description": "Red"
  },
  {
   "description": "Yellow"
  },
  {
   "description": "Green"
  },
  {
   "description": "Gray"
  },
  {
   "description": "Pink"
  },
  {
   "description": "SkyBlue"
  },
  {
   "description": "Purple"
  },
  {
   "description": "Orange"
  },
  {
   "description": "Brown"
  },
  {
   "description": "Silver"
  },
  {
   "description": "Golden"
  },
  {
   "description": "Rose Gold"
  },
  {
   "description": "Navy Blue"
  },
  {
   "description": "Fuchsia"
  },
  {
   "description": "Violet"
  },
  {
   "description": "Black"
  }
]