[{"id":345263.0,"size":36.0,"color":"Blue","brand":"Adidas","price":45.0,"shoeType":"Sport","stock":1.0},{"id":758495.0,"size":40.0,"color":"Gray","brand":"Reebok","price":35.0,"shoeType":"Sport","stock":2.0},{"id":846374.0,"size":36.0,"color":"Rose Gold","brand":"Zara","price":80.0,"shoeType":"High Hels","stock":2.0},{"id":839574.0,"size":38.0,"color":"SkyBlue","brand":"Nike","price":35.0,"shoeType":"Sport","stock":3.0},{"id":247834.0,"size":23.0,"color":"Pink","brand":"BubbleGum","price":60.0,"shoeType":"Sport","stock":2.0},{"id":38573.0,"size":39.0,"color":"Blue","brand":"Vans","price":75.0,"shoeType":"Sport","stock":3.0},{"id":536492.0,"size":37.0,"color":"Yellow","brand":"Converse","price":47.0,"shoeType":"Sport","stock":5.0},{"id":947593.0,"size":41.0,"color":"Black","brand":"Lacoste","price":56.0,"shoeType":"Formal","stock":4.0},{"id":746939.0,"size":37.0,"color":"White","brand":"Bunki","price":15.0,"shoeType":"School Shoes","stock":7.0},{"id":173649.0,"size":42.0,"color":"Black","brand":"CalvinKlein","price":84.0,"shoeType":"Casual","stock":1.0},{"id":945759.0,"size":38.0,"color":"Brown","brand":"Golden","price":44.0,"shoeType":"High Hels","stock":2.0},{"id":2557398.0,"size":40.0,"color":"Black","brand":"Vans","price":45.0,"shoeType":"Casual","stock":4.0},{"id":647382.0,"size":39.0,"color":"Green","brand":"Converse","price":60.0,"shoeType":"Casual","stock":3.0},{"id":268308.0,"size":41.0,"color":"Red","brand":"Nike","price":80.0,"shoeType":"Sport","stock":2.0},{"id":974309.0,"size":34.0,"color":"Gray","brand":"Adidas","price":73.0,"shoeType":"Sport","stock":2.0},{"id":753902.0,"size":41.0,"color":"Yellow","brand":"Timberland","price":80.0,"shoeType":"Boots","stock":2.0},{"id":843672.0,"size":39.0,"color":"Black","brand":"Lacoste","price":90.0,"shoeType":"Formal","stock":2.0},{"id":783291.0,"size":34.0,"color":"Black","brand":"Venus","price":35.0,"shoeType":"School Shoes","stock":3.0},{"id":894367.0,"size":40.0,"color":"Rose Gold","brand":"Reebok","price":80.0,"shoeType":"Sport","stock":3.0},{"id":673920.0,"size":34.0,"color":"Black","brand":"Venus","price":70.0,"shoeType":"High Hels","stock":5.0},{"id":853209.0,"size":34.0,"color":"Navy Blue","brand":"Nike","price":37.0,"shoeType":"Sport","stock":3.0},{"id":326819.0,"size":39.0,"color":"Black","brand":"Converse","price":89.0,"shoeType":"Casual","stock":4.0},{"id":673921.0,"size":35.0,"color":"Yellow","brand":"Adidas","price":76.0,"shoeType":"Formal","stock":2.0},{"id":765489.0,"size":41.0,"color":"Green","brand":"Adidas","price":60.0,"shoeType":"Sport","stock":3.0},{"id":721090.0,"size":37.0,"color":"White","brand":"Vans","price":90.0,"shoeType":"Formal","stock":5.0},{"id":893921.0,"size":42.0,"color":"Black","brand":"Trasher","price":80.0,"shoeType":"Sport","stock":1.0},{"id":790235.0,"size":40.0,"color":"Purple","brand":"Reebok","price":89.0,"shoeType":"Sport","stock":2.0},{"id":193267.0,"size":41.0,"color":"Black","brand":"Timberland","price":90.0,"shoeType":"Boots","stock":3.0},{"id":893423.0,"size":39.0,"color":"Silver","brand":"Zambas","price":120.0,"shoeType":"Dancing Shoes","stock":4.0},{"id":893021.0,"size":39.0,"color":"Brown","brand":"DC","price":68.0,"shoeType":"Casual","stock":3.0},{"id":738211.0,"size":40.0,"color":"Brown","brand":"Ecko","price":94.0,"shoeType":"Boots","stock":3.0},{"id":849302.0,"size":42.0,"color":"Black","brand":"Ecko","price":89.0,"shoeType":"Casual","stock":3.0},{"id":890345.0,"size":40.0,"color":"Green","brand":"DC","price":75.0,"shoeType":"Sport","stock":3.0},{"id":802132.0,"size":35.0,"color":"White","brand":"Nike","price":89.0,"shoeType":"Sport","stock":4.0},{"id":89302.0,"size":40.0,"color":"Red","brand":"Astro","price":93.0,"shoeType":"Sport","stock":5.0},{"id":899321.0,"size":34.0,"color":"Blue","brand":"Astro","price":75.0,"shoeType":"Casual","stock":3.0},{"id":735123.0,"size":41.0,"color":"Red","brand":"Vans","price":99.0,"shoeType":"Casual","stock":2.0},{"id":861132.0,"size":43.0,"color":"White","brand":"Venus","price":40.0,"shoeType":"School Shoes","stock":2.0},{"id":732134.0,"size":40.0,"color":"White","brand":"Bunky","price":25.0,"shoeType":"School Shoes","stock":4.0},{"id":189021.0,"size":32.0,"color":"Brown","brand":"ZARA","price":34.0,"shoeType":"High Hels","stock":4.0},{"id":892131.0,"size":40.0,"color":"Brown","brand":"Jordan","price":120.0,"shoeType":"Sport","stock":5.0},{"id":893021.0,"size":35.0,"color":"Fuchsia","brand":"Gucci","price":50.0,"shoeType":"Casual","stock":3.0},{"id":821324.0,"size":40.0,"color":"Brown","brand":"Timberland","price":82.0,"shoeType":"Boots","stock":2.0},{"id":673291.0,"size":41.0,"color":"White","brand":"Fila","price":81.0,"shoeType":"Sport","stock":4.0},{"id":890012.0,"size":35.0,"color":"Blue","brand":"Fila","price":56.0,"shoeType":"Casual","stock":3.0},{"id":832421.0,"size":40.0,"color":"Green","brand":"Converse","price":91.0,"shoeType":"Casual","stock":4.0},{"id":6738291.0,"size":34.0,"color":"Gray","brand":"Dnce","price":84.0,"shoeType":"Dancing Shoes","stock":4.0},{"id":721354.0,"size":42.0,"color":"White","brand":"Vans","price":67.0,"shoeType":"Formal","stock":3.0},{"id":315329.0,"size":41.0,"color":"Green","brand":"Lacoste","price":95.0,"shoeType":"Formal","stock":2.0},{"id":890324.0,"size":40.0,"color":"Blue","brand":"Jordan","price":99.0,"shoeType":"Sport","stock":4.0},{"id":783810.0,"size":39.0,"color":"White","brand":"Astro","price":64.0,"shoeType":"Sport","stock":3.0},{"id":111111,"size":42,"color":"Black","brand":"Lacoste","price":64.0,"shoeType":"Casual","stock":7}]